{
    "dc_per_class_pp_all": {
        "1": 0.8071626028614058,
        "2": 0.8774713396677903
    },
    "dc_per_class_pp_per_class": {
        "1": 0.8072579179099355,
        "2": 0.8774721398450833
    },
    "dc_per_class_raw": {
        "1": 0.8071626028614058,
        "2": 0.8774639957157555
    },
    "for_which_classes": [
        [
            1,
            2
        ],
        1,
        2
    ],
    "min_valid_object_sizes": "None",
    "num_samples": 40,
    "validation_final": "validation_raw_postprocessed",
    "validation_raw": "validation_raw"
}