{
    "dc_per_class_pp_all": {
        "1": 0.736008000202322,
        "2": 0.8583311494673467
    },
    "dc_per_class_pp_per_class": {
        "1": 0.73601963878238,
        "2": 0.8583315019576105
    },
    "dc_per_class_raw": {
        "1": 0.736008000202322,
        "2": 0.8583311494673467
    },
    "for_which_classes": [
        1,
        2
    ],
    "min_valid_object_sizes": "None",
    "num_samples": 40,
    "validation_final": "validation_raw_postprocessed",
    "validation_raw": "validation_raw"
}