{
    "dc_per_class_pp_all": {
        "1": 0.7563850224198239,
        "2": 0.8825157725122207
    },
    "dc_per_class_pp_per_class": {
        "1": 0.7565184232745263,
        "2": 0.8825530811172306
    },
    "dc_per_class_raw": {
        "1": 0.7563850224198239,
        "2": 0.8825157725122207
    },
    "for_which_classes": [
        1,
        2
    ],
    "min_valid_object_sizes": "None",
    "num_samples": 40,
    "validation_final": "validation_raw_postprocessed",
    "validation_raw": "validation_raw"
}