{
    "dc_per_class_pp_all": {
        "1": 0.7593409954982463,
        "2": 0.8734865818612548
    },
    "dc_per_class_pp_per_class": {
        "1": 0.7593463984388342,
        "2": 0.8734874304201184
    },
    "dc_per_class_raw": {
        "1": 0.7593409954982463,
        "2": 0.8736413140857305
    },
    "for_which_classes": [
        1
    ],
    "min_valid_object_sizes": "None",
    "num_samples": 39,
    "validation_final": "validation_raw_postprocessed",
    "validation_raw": "validation_raw"
}