{
    "dc_per_class_pp_all": {
        "1": 0.7826423442876839,
        "2": 0.873880653922185
    },
    "dc_per_class_pp_per_class": {
        "1": 0.7826955433094113,
        "2": 0.8738791164153724
    },
    "dc_per_class_raw": {
        "1": 0.7826423442876839,
        "2": 0.8740013212963532
    },
    "for_which_classes": [
        1
    ],
    "min_valid_object_sizes": "None",
    "num_samples": 40,
    "validation_final": "validation_raw_postprocessed",
    "validation_raw": "validation_raw"
}