{
    "dc_per_class_pp_all": {
        "1": 0.7644492868576174,
        "2": 0.8629159398493954
    },
    "dc_per_class_pp_per_class": {
        "1": 0.7644635342382211,
        "2": 0.8629546513095168
    },
    "dc_per_class_raw": {
        "1": 0.7644492868576174,
        "2": 0.8629159398493954
    },
    "for_which_classes": [
        1,
        2
    ],
    "min_valid_object_sizes": "None",
    "num_samples": 40,
    "validation_final": "validation_raw_postprocessed",
    "validation_raw": "validation_raw"
}