{
    "dc_per_class_pp_all": {
        "1": 0.7575780962881924,
        "2": 0.8687328180048448
    },
    "dc_per_class_pp_per_class": {
        "1": 0.757628474924975,
        "2": 0.8687482461872811
    },
    "dc_per_class_raw": {
        "1": 0.7575780962881924,
        "2": 0.8687632955642113
    },
    "for_which_classes": [
        1
    ],
    "min_valid_object_sizes": "None",
    "num_samples": 198,
    "validation_final": "cv_niftis_postprocessed",
    "validation_raw": "cv_niftis_raw"
}