{
    "dc_per_class_pp_all": {
        "1": 0.8112772609285608,
        "2": 0.8763166171161462
    },
    "dc_per_class_pp_per_class": {
        "1": 0.8112806528787729,
        "2": 0.8763622684501925
    },
    "dc_per_class_raw": {
        "1": 0.8112772609285608,
        "2": 0.8762969408140323
    },
    "for_which_classes": [
        [
            1,
            2
        ],
        1,
        2
    ],
    "min_valid_object_sizes": "None",
    "num_samples": 40,
    "validation_final": "validation_raw_postprocessed",
    "validation_raw": "validation_raw"
}