{
    "dc_per_class_pp_all": {
        "1": 0.8876630703920187,
        "2": 0.8704443866674221
    },
    "dc_per_class_pp_per_class": {
        "1": 0.8876630703920187,
        "2": 0.8704443866674221
    },
    "dc_per_class_raw": {
        "1": 0.8876630703920187,
        "2": 0.8704218559309136
    },
    "for_which_classes": [
        [
            1,
            2
        ]
    ],
    "min_valid_object_sizes": "None",
    "num_samples": 52,
    "validation_final": "validation_raw_postprocessed",
    "validation_raw": "validation_raw"
}