{
    "dc_per_class_pp_all": {
        "1": 0.8113039029545295,
        "2": 0.8876635791196767
    },
    "dc_per_class_pp_per_class": {
        "1": 0.8116626258961505,
        "2": 0.8876706932441201
    },
    "dc_per_class_raw": {
        "1": 0.8113039029545295,
        "2": 0.8876635791196767
    },
    "for_which_classes": [
        1,
        2
    ],
    "min_valid_object_sizes": "None",
    "num_samples": 40,
    "validation_final": "validation_raw_postprocessed",
    "validation_raw": "validation_raw"
}